[
  {
    "date": "2022-11-24",
    "day": "24",
    "month": "11",
    "hour": 13,
    "team1": "Brazil",
    "team2": "Serbia",
    "link": "https://footybite.to/Brazil-vs-Serbia/4913",
    "time": "01:00 PM"
  },
  {
    "date": "2022-11-24",
    "team1": "Portugal",
    "team2": "Ghana",
    "day": "24",
    "month": "11",
    "hour": 10,
    "link": "https://footybite.to/Portugal-vs-Ghana/4912",
    "time": "10:00 AM"
  },
  {
    "date": "2022-11-25",
    "team1": "Wales",
    "team2": "Iran",
    "day": "25",
    "month": "11",
    "hour": 4,
    "link": "https://footybite.to/Wales-vs-Iran/4914",
    "time": "04:00 AM"
  },
  {
    "date": "2022-11-25",
    "team1": "Qatar",
    "team2": "Senegal",
    "day": "25",
    "month": "11",
    "hour": 7,
    "link": "https://footybite.to/Qatar-vs-Senegal/4915",
    "time": "07:00 AM"
  },
  {
    "date": "2022-11-25",
    "team1": "Netherlands",
    "team2": "Equador",
    "day": "25",
    "month": "11",
    "hour": 10,
    "link": "https://footybite.to/Netherlands-vs-Ecuador/4916",
    "time": "10:00 PM"
  },
  {
    "date": "2022-11-25",
    "team1": "England",
    "team2": "USA",
    "day": "25",
    "month": "11",
    "hour": 13,
    "link": "https://footybite.to/England-vs-Iran/198",
    "time": "01:00 PM"
  },
  {
    "date": "2022-11-26",
    "team1": "Tunisia",
    "team2": "Australia",
    "day": "26",
    "month": "11",
    "hour": 4,
    "link": "https://footybite.to/Tunisia-vs-Australia/4918",
    "time": "04:00 AM"
  },
  {
    "date": "2022-11-26",
    "team1": "Poland",
    "team2": "Saudi Arabia",
    "day": "26",
    "month": "11",
    "hour": 7,
    "link": "https://footybite.to/Poland-vs-Saudi-Arabia/4919",
    "time": "07:00 AM"
  },
  {
    "date": "2022-11-26",
    "team1": "France",
    "team2": "Denmark",
    "day": "26",
    "month": "11",
    "hour": 10,
    "link": "https://footybite.to/France-vs-Denmark/4920",
    "time": "10:00 AM"
  }
]